State,Jun 2015,Jul 2015,Aug 2015,Sep 2015,Oct 2015,Nov 2015,Dec 2015,Jan 2016,Feb 2016,Mar 2016,Apr 2016,May 2016,Jun 2016,Jul 2016,Aug 2016,Sep 2016,Oct 2016,Nov 2016,Dec 2016,Jan 2017,Feb 2017,Mar 2017,Apr 2017,May 2017,Jun 2017,Jul 2017,Aug 2017,Sep 2017,Oct 2017,Nov 2017,Dec 2017,Jan 2018,Feb 2018,Mar 2018,Apr 2018,May 2018,Jun 2018,Jul 2018,Aug 2018,Sep 2018,Oct 2018,Nov 2018,Dec 2018,Jan 2019,Feb 2019,Mar 2019,Apr 2019,May 2019,Jun 2019,Jul 2019,Aug 2019,Sep 2019,Oct 2019,Nov 2019,Dec 2019,Jan 2020,Feb 2020,Mar 2020,Apr 2020,May 2020,Jun 2020,Jul 2020,Aug 2020,Sep 2020,Oct 2020,Nov 2020,Dec 2020,Jan 2021,Feb 2021,Mar 2021,Apr 2021,May 2021,Jun 2021,Jul 2021,Aug 2021,Sep 2021,Oct 2021,Nov 2021,Dec 2021,Jan 2022,Feb 2022,Mar 2022,Apr 2022,May 2022,Jun 2022,Jul 2022,Aug 2022,Sep 2022,Oct 2022,Nov 2022,Dec 2022,Jan 2023,Feb 2023,Mar 2023,Apr 2023,May 2023,Jun 2023,Jul 2023,Aug 2023,Sep 2023,Oct 2023,Nov 2023,Dec 2023,Jan 2024,Feb 2024,Mar 2024,Apr 2024,May 2024,Jun 2024,Jul 2024,Aug 2024,Sep 2024,Oct 2024,Nov 2024,Dec 2024,Jan 2025,Feb 2025,Mar 2025,Apr 2025,May 2025,Jun 2025
Alabama,6.1,6.1,6.1,6.1,6,6,6,5.9,5.9,5.9,5.8,5.8,5.8,5.8,5.8,5.8,5.8,5.7,5.6,5.4,5.2,5,4.8,4.6,4.5,4.3,4.2,4.1,4,4,4,4,4,4,4,4,4,3.9,3.9,3.9,3.8,3.8,3.8,3.7,3.6,3.4,3.3,3.2,3,3,3,3,3,3,3.1,3.2,3.3,3.4,13.8,10.4,8.6,7.5,6.3,5.9,5.2,4.8,4.5,4.1,3.9,3.7,3.7,3.5,3.5,3.3,3.2,3,2.9,2.7,2.7,2.6,2.6,2.5,2.5,2.5,2.5,2.5,2.5,2.5,2.5,2.4,2.3,2.3,2.3,2.3,2.3,2.3,2.3,2.4,2.5,2.6,2.7,2.8,2.8,2.9,2.9,2.9,2.9,2.9,2.9,3,3.1,3.3,3.3,3.3,3.3,3.3,3.3,3.3,3.3,3.3,3.2
Alaska,6.2,6.2,6.2,6.3,6.3,6.3,6.4,6.4,6.5,6.5,6.6,6.6,6.7,6.7,6.7,6.7,6.7,6.7,6.7,6.7,6.6,6.6,6.6,6.6,6.6,6.6,6.6,6.6,6.6,6.6,6.6,6.5,6.4,6.3,6.1,6,6,5.9,5.9,5.9,6,6,6.1,6,5.9,5.8,5.7,5.6,5.6,5.6,5.6,5.5,5.4,5.3,5.2,5.3,5.4,5.4,11.6,11.7,11.2,11.1,8.6,7.8,7.2,7,7.1,7,7,7,7.1,6.9,6.8,6.4,6.2,5.9,5.7,5.4,5.4,5.2,4.9,4.6,4.4,4.2,4.1,4,3.8,3.9,4,4,4,4,4,4,4,4.1,4.2,4.3,4.4,4.4,4.5,4.5,4.5,4.4,4.4,4.4,4.5,4.5,4.6,4.7,4.7,4.8,4.7,4.7,4.7,4.7,4.7,4.7,4.7,4.7,4.7
Arizona,6.1,6.1,6.1,6,5.9,5.9,5.8,5.7,5.7,5.6,5.6,5.6,5.5,5.5,5.4,5.4,5.4,5.3,5.3,5.2,5.2,5.1,5,5,4.9,4.9,4.8,4.8,4.8,4.9,4.9,4.9,4.8,4.8,4.7,4.7,4.7,4.7,4.7,4.8,4.9,5,5,5,5,4.9,4.9,4.8,4.8,4.8,4.8,4.7,4.7,4.7,4.7,4.8,4.8,4.9,13.8,11.2,9.8,9,7.9,7.5,7,6.7,6.5,6.4,6.2,6,5.8,5.6,5.3,4.9,4.6,4.2,4,3.8,3.7,3.6,3.6,3.6,3.7,3.7,3.7,3.8,3.8,3.8,3.8,3.8,3.7,3.7,3.6,3.6,3.6,3.6,3.7,3.7,3.7,3.8,3.7,3.7,3.6,3.5,3.4,3.3,3.4,3.4,3.5,3.6,3.7,3.8,3.9,3.9,3.8,3.9,3.9,4.1,4.1,4.1,4.1
Arkansas,5.1,4.9,4.8,4.6,4.5,4.4,4.3,4.2,4.1,4,4,4,4,4,3.9,3.9,3.9,3.9,3.8,3.8,3.7,3.7,3.7,3.7,3.7,3.7,3.7,3.8,3.8,3.8,3.8,3.8,3.8,3.7,3.7,3.6,3.6,3.5,3.5,3.6,3.6,3.7,3.7,3.7,3.6,3.5,3.4,3.4,3.4,3.4,3.5,3.5,3.5,3.5,3.5,3.5,3.6,4.8,10.1,8.9,7.9,7.3,6.4,5.9,5.4,5.1,5,4.9,4.8,4.7,4.6,4.4,4.2,3.9,3.7,3.5,3.3,3.2,3.2,3.2,3.2,3.2,3.2,3.2,3.2,3.2,3.2,3.2,3.2,3.1,3,2.9,2.9,2.9,2.9,2.9,3,3.1,3.3,3.4,3.4,3.5,3.5,3.4,3.4,3.4,3.4,3.4,3.4,3.4,3.5,3.5,3.6,3.6,3.6,3.6,3.6,3.7,3.7,3.7,3.7
California,6.3,6.1,6,5.9,5.8,5.8,5.7,5.7,5.6,5.6,5.5,5.5,5.5,5.5,5.5,5.5,5.5,5.4,5.4,5.3,5.1,5,5,4.9,4.8,4.8,4.8,4.7,4.6,4.5,4.5,4.4,4.3,4.3,4.2,4.2,4.2,4.2,4.2,4.2,4.3,4.3,4.3,4.3,4.3,4.2,4.1,4,4,4,4,4,4,4.1,4.1,4.3,4.4,5.5,16.1,15.8,13.8,13.1,11.8,9.9,9.3,9,9,8.7,8.6,8.5,8.4,8,7.9,7.4,7,6.5,6.1,5.7,5.4,5.2,4.8,4.5,4.3,4.1,4,3.9,3.8,4,4.2,4.3,4.4,4.4,4.5,4.5,4.5,4.6,4.6,4.7,4.8,4.9,5,5.1,5.1,5.1,5.1,5.1,5.2,5.2,5.3,5.4,5.4,5.5,5.5,5.5,5.5,5.4,5.4,5.3,5.3,5.3,5.4
Colorado,3.8,3.6,3.5,3.4,3.4,3.3,3.3,3.3,3.3,3.3,3.3,3.3,3.2,3.2,3.1,3,2.9,2.8,2.7,2.6,2.5,2.4,2.4,2.4,2.5,2.6,2.7,2.8,2.8,2.8,2.9,2.9,2.9,2.9,3,3,3.1,3.1,3.1,3.1,3.1,3.1,3,3,2.9,2.8,2.6,2.6,2.5,2.5,2.5,2.5,2.6,2.7,2.8,3,3.2,3.4,11.2,11.7,11.2,6.5,6.2,6.3,6.2,6.2,6.4,6.3,6.3,6.2,6.2,6,5.9,5.7,5.4,4.9,4.6,4.4,4.2,4,3.7,3.3,3.2,3,2.9,2.8,2.6,2.8,2.9,3,3,3,3,3.1,3.1,3.2,3.2,3.3,3.4,3.4,3.5,3.6,3.8,3.8,3.9,4,4,4.1,4.2,4.3,4.4,4.5,4.6,4.6,4.6,4.7,4.7,4.8,4.8,4.8,4.7
Connecticut,5.6,5.5,5.5,5.5,5.4,5.4,5.3,5.3,5.2,5.1,5,5,4.9,4.8,4.7,4.7,4.6,4.6,4.6,4.6,4.5,4.5,4.5,4.4,4.4,4.4,4.4,4.3,4.3,4.3,4.3,4.2,4.2,4.1,4,3.9,3.9,3.8,3.8,3.8,3.7,3.7,3.7,3.7,3.6,3.5,3.5,3.5,3.5,3.5,3.6,3.6,3.6,3.7,3.7,3.8,3.8,3.9,8.3,11.9,11.5,11.7,9.6,8.8,7.9,7.5,7.4,7.2,7.2,7.2,7.2,7,7,6.6,6.3,5.9,5.6,5.3,5,4.8,4.6,4.4,4.3,4.2,4,3.9,3.7,3.7,3.7,3.6,3.5,3.4,3.3,3.2,3.1,3.1,3,3.1,3.1,3.2,3.3,3.3,3.3,3.3,3.2,3.2,3.1,3.1,3.1,3.1,3.2,3.2,3.2,3.2,3.2,3.3,3.4,3.6,3.7,3.8,3.8
Delaware,4.8,4.8,4.7,4.7,4.7,4.6,4.6,4.5,4.5,4.5,4.5,4.5,4.5,4.5,4.5,4.6,4.6,4.6,4.6,4.6,4.6,4.5,4.5,4.5,4.4,4.4,4.3,4.3,4.3,4.2,4.2,4.1,4,3.9,3.8,3.7,3.7,3.6,3.5,3.5,3.5,3.5,3.5,3.5,3.5,3.5,3.5,3.5,3.5,3.6,3.6,3.6,3.6,3.6,3.6,3.6,3.6,5,13.1,13.4,12.8,7.6,7.4,7.6,5.2,5.4,5.6,5.7,5.9,5.9,5.9,5.8,5.8,5.5,5.4,5.1,4.9,4.8,4.6,4.5,4.4,4.3,4.2,4.2,4.1,4.1,4,4.1,4.1,4.1,4,4,3.9,3.8,3.8,3.8,3.8,3.8,3.8,3.8,3.9,3.8,3.8,3.8,3.7,3.7,3.7,3.8,3.8,3.7,3.7,3.6,3.6,3.6,3.6,3.6,3.7,3.7,3.9,4,4
District of Columbia,6.9,6.8,6.7,6.7,6.6,6.5,6.5,6.4,6.3,6.2,6.1,6.1,6.1,6.2,6.2,6.3,6.3,6.3,6.3,6.3,6.2,6.2,6.2,6.2,6.2,6.1,6.1,6,6,5.9,5.9,5.9,5.9,5.8,5.8,5.7,5.7,5.6,5.5,5.5,5.6,5.7,5.9,5.9,5.9,5.9,5.7,5.6,5.5,5.4,5.3,5.2,5.2,5.2,5.4,5.5,5.7,5.8,11.3,8.8,8.6,8.7,8.5,8.6,8.3,8,7.8,7.3,7,7,7,7,7.2,7.1,6.9,6.6,6.5,6.3,6.1,5.9,5.5,5.2,4.9,4.7,4.4,4.2,4,4.1,4.3,4.5,4.7,4.8,4.9,4.9,4.8,4.8,4.7,4.7,4.8,4.8,4.9,5,5.1,5.1,5.1,5.2,5.2,5.2,5.3,5.3,5.3,5.3,5.3,5.3,5.3,5.3,5.4,5.6,5.8,5.9,5.9
Florida,5.5,5.5,5.4,5.3,5.2,5.2,5.1,5.1,5,4.9,4.9,4.9,4.9,4.9,4.9,4.9,4.9,4.8,4.8,4.7,4.6,4.5,4.4,4.3,4.2,4.2,4.2,4.1,4.1,4.1,4,3.9,3.9,3.8,3.7,3.7,3.6,3.6,3.5,3.5,3.5,3.5,3.5,3.5,3.4,3.4,3.3,3.3,3.2,3.2,3.2,3.2,3.1,3.1,3,3,3,4,13.3,14.1,11.6,11.6,8.6,8,6.9,6.5,6.2,5.8,5.5,5.4,5.2,5,4.9,4.7,4.5,4.2,4,3.8,3.6,3.5,3.3,3.2,3.1,3,2.9,2.9,2.8,2.8,2.9,2.9,2.9,2.8,2.8,2.8,2.8,2.9,2.9,2.9,3,3.1,3.1,3.1,3.2,3.2,3.2,3.2,3.3,3.3,3.4,3.4,3.4,3.5,3.5,3.5,3.4,3.5,3.6,3.6,3.7,3.7,3.7
Georgia,6.1,6,5.9,5.8,5.8,5.7,5.7,5.7,5.6,5.5,5.5,5.4,5.4,5.4,5.4,5.4,5.4,5.4,5.3,5.2,5.1,5,4.9,4.9,4.8,4.7,4.6,4.6,4.5,4.4,4.4,4.3,4.2,4.2,4.1,4,4,3.9,3.9,3.9,3.9,3.9,3.9,3.9,3.8,3.7,3.7,3.6,3.6,3.6,3.5,3.5,3.4,3.4,3.5,3.6,3.6,3.7,12.5,9.8,8.4,7.7,6.8,6.5,5.6,5.3,5.1,4.9,4.6,4.5,4.3,4.1,4,3.8,3.7,3.5,3.4,3.3,3.2,3.1,3.1,3.1,3.1,3.1,3.1,3.1,3.2,3.2,3.3,3.3,3.3,3.3,3.3,3.3,3.2,3.2,3.3,3.3,3.3,3.3,3.3,3.3,3.3,3.3,3.3,3.4,3.4,3.5,3.6,3.6,3.6,3.6,3.6,3.6,3.6,3.6,3.6,3.6,3.6,3.5,3.5
Hawaii,3.4,3.3,3.3,3.2,3.2,3.2,3.1,3.1,3.1,3,3,3,3,2.9,2.9,2.8,2.8,2.7,2.6,2.6,2.5,2.5,2.4,2.3,2.2,2.2,2.1,2,2,2,2,2.1,2.1,2.2,2.2,2.3,2.4,2.4,2.5,2.6,2.6,2.7,2.7,2.8,2.7,2.7,2.6,2.6,2.5,2.5,2.4,2.4,2.4,2.3,2.2,2.2,2.2,2.1,22.5,20.7,17.3,15.6,13,13.3,11.3,10.5,10.2,9.5,9.1,8.4,7.8,6.9,6.3,5.4,4.7,3.9,3.3,3.2,3.1,3.1,3.2,3.2,3.3,3.3,3.3,3.3,3.3,3.3,3.3,3.3,3.2,3.1,3,3,2.9,2.8,2.8,2.8,2.9,2.9,2.9,3,3,2.9,2.9,2.9,2.9,2.9,2.9,3,3,3,3,3,3,3,3,2.9,2.9,2.8,2.8
Idaho,4,3.9,3.9,3.9,3.9,3.9,3.8,3.8,3.8,3.8,3.8,3.7,3.7,3.7,3.7,3.7,3.7,3.6,3.5,3.5,3.4,3.3,3.2,3.1,3.1,3.1,3.1,3.1,3.1,3.1,3.1,3,2.9,2.9,2.8,2.8,2.8,2.8,2.8,2.8,2.9,3,3,3,3,2.9,2.9,2.8,2.8,2.9,2.9,2.9,2.9,2.8,2.8,2.8,2.8,2.8,11.8,9.1,7.5,6.6,5.4,5,4.4,4.2,4.2,4.1,4.1,4,3.9,3.8,3.7,3.5,3.4,3.3,3.2,3,2.9,2.8,2.8,2.7,2.7,2.8,2.8,2.9,3,3,3,3,3,3,3,3,3,3.1,3.2,3.2,3.3,3.4,3.4,3.4,3.4,3.4,3.5,3.5,3.6,3.6,3.7,3.7,3.7,3.8,3.8,3.8,3.8,3.8,3.7,3.7,3.7,3.6,3.6
Illinois,6,5.9,5.9,5.9,5.9,6,6.1,6.2,6.2,6.2,6.1,6,5.9,5.8,5.8,5.7,5.7,5.6,5.4,5.3,5.1,5,5,4.9,4.9,5,5,4.9,4.9,4.8,4.7,4.5,4.4,4.4,4.3,4.3,4.3,4.3,4.3,4.4,4.4,4.5,4.6,4.6,4.5,4.4,4.2,4,3.9,3.8,3.7,3.7,3.7,3.6,3.6,3.7,3.8,5.1,18.3,14.7,12.6,11.4,9.7,9.1,8.2,7.8,7.6,7.2,7,6.8,6.7,6.6,6.4,6.2,5.9,5.5,5.2,4.9,4.8,4.8,4.7,4.7,4.6,4.6,4.5,4.5,4.5,4.5,4.6,4.5,4.5,4.4,4.3,4.3,4.2,4.2,4.3,4.4,4.6,4.7,4.8,4.8,4.8,4.9,4.9,5,5.1,5.1,5.1,5.1,5,5,4.9,4.9,4.9,4.9,4.8,4.8,4.8,4.8,4.6
Indiana,4.7,4.6,4.6,4.5,4.5,4.6,4.6,4.6,4.7,4.6,4.6,4.5,4.5,4.4,4.3,4.2,4.2,4.1,4,3.9,3.7,3.6,3.5,3.4,3.5,3.5,3.5,3.5,3.5,3.4,3.3,3.3,3.3,3.3,3.4,3.4,3.4,3.4,3.5,3.5,3.5,3.6,3.6,3.5,3.5,3.4,3.3,3.2,3.2,3.2,3.3,3.3,3.3,3.3,3.3,3.4,3.5,3.6,16.9,12.5,10.3,8.9,7.2,6.5,5.6,5.2,5,4.7,4.5,4.4,4.3,4.2,4.1,3.9,3.7,3.5,3.3,3.1,3,2.9,2.9,2.9,2.9,3,3,3.1,3.1,3.2,3.2,3.3,3.3,3.3,3.3,3.3,3.3,3.3,3.4,3.4,3.5,3.6,3.6,3.7,3.7,3.8,3.8,3.9,4,4.1,4.2,4.3,4.4,4.4,4.5,4.4,4.4,4.4,4.3,4.1,3.9,3.7,3.6
Iowa,3.7,3.7,3.6,3.6,3.6,3.7,3.7,3.6,3.6,3.6,3.6,3.6,3.7,3.7,3.7,3.6,3.6,3.5,3.4,3.3,3.3,3.2,3.1,3.1,3.1,3.1,3.1,3,3,2.9,2.9,2.8,2.7,2.7,2.6,2.5,2.5,2.5,2.5,2.5,2.5,2.6,2.6,2.6,2.6,2.6,2.6,2.6,2.7,2.7,2.7,2.7,2.7,2.7,2.7,2.7,2.7,2.7,11,8.5,6.8,6,5,4.6,4.2,4.2,4.2,4.2,4.2,4.3,4.4,4.3,4.2,4,3.8,3.5,3.3,3.1,2.9,2.8,2.7,2.6,2.6,2.6,2.7,2.8,2.9,3,3.1,3.1,3,3,2.9,2.9,2.9,2.9,2.9,3,3,3,3,2.9,2.8,2.8,2.7,2.7,2.8,2.9,3,3.1,3.2,3.3,3.3,3.3,3.3,3.3,3.3,3.4,3.5,3.6,3.7
Kansas,4.2,4.1,4,4,4,4,4,3.9,3.9,3.9,4,4,4.1,4.1,4.2,4.2,4.2,4.1,4,3.9,3.8,3.7,3.7,3.7,3.6,3.6,3.6,3.6,3.5,3.5,3.5,3.4,3.4,3.4,3.4,3.3,3.3,3.2,3.2,3.2,3.3,3.3,3.3,3.3,3.3,3.2,3.2,3.1,3.1,3.1,3.1,3.1,3.1,3.1,3.1,3.1,3.1,3.1,12.1,9.2,7.5,6.7,5.8,5.4,4.9,4.6,4.4,4.1,3.8,3.7,3.7,3.6,3.6,3.5,3.3,3.1,2.9,2.8,2.6,2.6,2.5,2.6,2.6,2.6,2.7,2.7,2.8,2.9,2.9,2.9,2.9,2.9,2.9,2.9,2.8,2.8,2.8,2.8,2.8,2.9,2.9,3,3,3.1,3.2,3.3,3.4,3.5,3.6,3.7,3.7,3.8,3.8,3.8,3.8,3.8,3.8,3.8,3.8,3.8,3.8
Kentucky,5.2,5.2,5.2,5.2,5.2,5.2,5.2,5.2,5.2,5.1,5,5,5,5,5,5.1,5.1,5.1,5.1,5.1,5,5,4.9,4.9,4.8,4.8,4.7,4.6,4.5,4.4,4.3,4.2,4.2,4.2,4.2,4.2,4.2,4.2,4.2,4.2,4.2,4.2,4.2,4.2,4.2,4.1,4.1,4.1,4.1,4.1,4.1,4,4,4,4,4.1,4.1,4.1,16.7,12.8,5.3,5.8,5.2,5,4.8,4.8,4.7,4.6,4.6,4.6,4.6,4.6,4.6,4.6,4.5,4.4,4.3,4.2,4.1,4,4,4,4,4,4,4.1,4.1,4.1,4.1,4.1,4.1,4.1,4.1,4.1,4.1,4.2,4.2,4.3,4.4,4.4,4.5,4.5,4.6,4.7,4.7,4.8,4.9,4.9,5,5.1,5.2,5.3,5.4,5.4,5.3,5.3,5.3,5.2,5.2,5,4.9
Louisiana,6.2,6.1,6,6,6,6,6,6,6,6,6.1,6.1,6.1,6.1,6.1,6.1,6,6,5.9,5.8,5.7,5.5,5.4,5.2,5.1,5,4.9,4.8,4.7,4.7,4.7,4.7,4.7,4.8,4.9,4.9,4.9,4.9,4.9,4.8,4.8,4.8,4.8,4.7,4.6,4.5,4.4,4.4,4.5,4.6,4.7,4.8,4.8,4.8,4.8,4.7,4.7,6.7,13.5,12.3,11,10.4,9.2,8.7,8,7.6,7.4,7,6.8,6.6,6.4,6.2,6,5.6,5.2,4.8,4.5,4.2,4,3.9,3.8,3.7,3.7,3.7,3.6,3.6,3.6,3.6,3.6,3.6,3.6,3.6,3.6,3.6,3.5,3.5,3.5,3.6,3.7,3.8,4,4.1,4.2,4.2,4.2,4.1,4.1,4.1,4.2,4.3,4.5,4.6,4.6,4.6,4.6,4.5,4.4,4.4,4.4,4.5,4.5
Maine,4.4,4.3,4.2,4.1,4.1,4.1,4,4,4,3.9,3.9,3.8,3.8,3.8,3.7,3.7,3.7,3.6,3.6,3.5,3.5,3.5,3.4,3.4,3.4,3.4,3.4,3.4,3.3,3.2,3.1,3.1,3,3,3,3.1,3.2,3.3,3.3,3.3,3.3,3.3,3.2,3.1,3,2.9,2.8,2.7,2.7,2.8,2.8,2.9,3,3,3.1,3.2,3.2,3.2,9.3,9.5,6.6,6.3,4.2,4,3.8,3.9,4.2,4.4,4.8,5,5.2,5.1,5.2,5,4.9,4.6,4.5,4.2,3.9,3.7,3.3,3,2.9,2.8,2.7,2.6,2.5,2.6,2.7,2.7,2.6,2.5,2.5,2.4,2.4,2.5,2.5,2.6,2.7,2.8,2.8,2.8,2.8,2.8,2.8,2.8,2.8,2.9,3,3.1,3.2,3.4,3.4,3.4,3.4,3.5,3.5,3.5,3.5,3.4,3.3
Maryland,5.1,5,5,4.9,4.8,4.7,4.6,4.5,4.4,4.3,4.2,4.2,4.2,4.2,4.2,4.2,4.2,4.2,4.2,4.2,4.1,4.1,4,4,4,4,4,4.1,4.1,4.1,4.1,4.1,4,4,3.9,3.8,3.8,3.7,3.7,3.7,3.7,3.7,3.6,3.6,3.5,3.5,3.4,3.4,3.4,3.4,3.4,3.3,3.3,3.2,3.2,3.3,3.4,3.5,9,8.8,8.1,7.9,7.2,7.1,6.7,6.6,6.6,6.4,6.2,6.1,5.9,5.7,5.6,5.3,5,4.6,4.2,3.9,3.5,3.5,3.3,3.1,3.1,3,3,3,3,2.8,2.8,2.6,2.4,2.3,2.2,2,1.9,1.9,1.9,2,2.2,2.3,2.4,2.5,2.7,2.7,2.8,2.9,2.9,3,3.1,3.2,3.2,3.2,3.2,3.1,3.1,3,3,3,3.1,3.2,3.3
Massachusetts,4.8,4.7,4.7,4.6,4.6,4.5,4.5,4.4,4.3,4.2,4.1,4.1,4,3.9,3.9,3.8,3.8,3.8,3.9,3.9,3.9,3.9,3.9,3.9,3.8,3.8,3.8,3.8,3.8,3.8,3.7,3.7,3.6,3.6,3.6,3.5,3.5,3.4,3.4,3.3,3.3,3.3,3.3,3.2,3.2,3.1,3.1,3,3,3,3,3,3,3,3,3,3.1,3.1,17.8,14.3,14.7,12.5,10.4,9.6,8.4,7.8,7.4,6.8,6.4,6.1,5.9,5.6,5.5,5.2,5,4.6,4.4,4.1,3.9,3.8,3.7,3.6,3.6,3.6,3.6,3.6,3.7,3.6,3.6,3.6,3.5,3.5,3.5,3.5,3.3,3.4,3.4,3.4,3.5,3.5,3.6,3.6,3.7,3.7,3.8,3.8,3.9,4,4,4.1,4.2,4.2,4.2,4.1,4.1,4.2,4.3,4.4,4.6,4.8,4.8
Michigan,5.5,5.4,5.2,5.1,5,4.9,4.9,4.9,4.9,4.9,5,5,5,5,5,5,5.1,5.1,5,4.9,4.7,4.5,4.4,4.3,4.4,4.5,4.6,4.7,4.7,4.7,4.6,4.5,4.4,4.3,4.2,4.1,4,4,4,4,4.1,4.2,4.2,4.2,4.2,4.2,4.2,4.2,4.2,4.1,4.1,4,3.9,3.8,3.8,3.8,3.8,3.7,22.7,19.3,14.5,12.5,10,8.9,7.7,7.1,6.9,6.4,6.2,6.1,6.2,6.1,6.2,6,5.7,5.4,5.1,4.8,4.5,4.4,4.3,4.3,4.2,4.1,4,4,4,4,4.1,4.1,4.1,4,3.9,3.8,3.7,3.7,3.8,3.9,4,4,4,4,4,4,4,4.2,4.4,4.5,4.7,4.8,5,5.1,5.2,5.2,5.2,5.3,5.4,5.5,5.5,5.4,5.3
Minnesota,3.8,3.8,3.7,3.7,3.7,3.7,3.7,3.7,3.7,3.8,3.8,3.8,3.9,3.9,3.9,4,4,4,3.9,3.8,3.7,3.6,3.5,3.5,3.4,3.4,3.4,3.3,3.3,3.2,3.2,3.1,3.1,3,3,2.9,2.9,2.9,2.9,3,3.1,3.2,3.2,3.3,3.3,3.3,3.2,3.2,3.2,3.2,3.3,3.3,3.3,3.3,3.4,3.4,3.5,3.6,8.9,11.1,8.9,7.8,6.7,6.2,5.5,5.1,4.8,4.5,4.3,4.1,4,3.9,3.8,3.7,3.5,3.4,3.2,3,2.8,2.7,2.5,2.4,2.3,2.3,2.3,2.3,2.4,2.5,2.6,2.7,2.8,2.8,2.8,2.8,2.8,2.9,2.9,2.9,2.8,2.8,2.8,2.8,2.8,2.8,2.8,2.9,3,3.1,3.2,3.2,3.2,3.1,3,3,3,3,3,3.1,3.2,3.3,3.3
Mississippi,6.4,6.3,6.3,6.3,6.3,6.3,6.3,6.3,6.2,6.1,6,6,6,6,6,5.9,5.9,5.8,5.7,5.6,5.5,5.4,5.4,5.3,5.2,5.2,5.1,5,5,4.9,4.9,4.9,4.9,4.9,4.9,4.9,4.8,4.8,4.8,4.9,5,5.2,5.3,5.4,5.4,5.4,5.4,5.4,5.5,5.6,5.6,5.6,5.6,5.5,5.5,5.6,5.7,5.9,15.6,11.2,9.4,8.3,7.4,7.1,6.7,6.6,6.5,6.4,6.3,6.2,6.1,5.9,5.7,5.5,5.1,4.8,4.5,4.3,4.1,4,3.9,3.8,3.8,3.7,3.7,3.7,3.7,3.7,3.7,3.6,3.5,3.4,3.3,3.2,3.1,3.1,3.1,3.1,3.1,3,3,3,2.9,2.8,2.8,2.8,2.8,2.8,2.9,3.1,3.3,3.4,3.6,3.6,3.6,3.6,3.8,3.9,4,4,4
Missouri,5.2,5,4.9,4.8,4.7,4.6,4.5,4.5,4.5,4.5,4.5,4.6,4.7,4.7,4.7,4.7,4.6,4.5,4.4,4.2,4.1,4,3.9,3.8,3.7,3.7,3.7,3.6,3.6,3.6,3.6,3.5,3.5,3.4,3.3,3.2,3.1,3.1,3.1,3.1,3.1,3.2,3.2,3.3,3.3,3.2,3.1,3.1,3.1,3.1,3.2,3.3,3.3,3.4,3.4,3.4,3.4,3.6,11.6,9.6,8,7.2,6.4,5.9,5.4,5.1,5,4.9,4.8,4.8,4.7,4.5,4.4,4.1,3.9,3.7,3.5,3.3,3.1,3,2.7,2.6,2.4,2.3,2.3,2.4,2.5,2.7,2.7,2.8,2.8,2.8,2.8,2.8,2.9,3,3.1,3.1,3.2,3.3,3.4,3.4,3.4,3.5,3.5,3.6,3.7,3.7,3.8,3.7,3.7,3.7,3.6,3.6,3.6,3.7,3.7,3.8,3.9,4,4
Montana,4.2,4.2,4.2,4.2,4.3,4.3,4.3,4.3,4.3,4.3,4.3,4.3,4.3,4.3,4.3,4.2,4.2,4.2,4.2,4.2,4.1,4.1,4.1,4.1,4.1,4.1,4.1,4.1,4.1,4.1,4,3.9,3.9,3.8,3.8,3.7,3.7,3.7,3.6,3.6,3.7,3.7,3.6,3.6,3.6,3.5,3.5,3.4,3.4,3.5,3.5,3.5,3.5,3.5,3.5,3.5,3.5,3.5,11.9,9.2,7.7,6.7,5.6,5.2,4.6,4.3,4.2,4,3.9,3.8,3.7,3.6,3.5,3.4,3.3,3.1,2.9,2.8,2.7,2.6,2.6,2.6,2.7,2.7,2.7,2.7,2.7,2.7,2.6,2.5,2.5,2.4,2.4,2.5,2.5,2.5,2.6,2.6,2.7,2.8,2.9,3,3.1,3,3,3,3,3,3,3,3,3,2.9,2.9,2.9,2.8,2.8,2.7,2.7,2.8,2.8
Nebraska,3,3,3,3,3,3,3,3,3,3,3,3.1,3.1,3.2,3.2,3.2,3.2,3.2,3.1,3.1,3,2.9,2.9,2.9,2.9,2.9,2.9,3,3,3,3,2.9,2.9,2.9,2.8,2.8,2.8,2.9,2.9,2.9,3,3,3.1,3.1,3.1,3.1,3.1,3.1,3.1,3.1,3.2,3.2,3.1,3.1,3.1,3,3,4.4,8.2,6.4,5.3,4.6,3.8,3.4,3.1,3,3,2.9,2.9,2.9,2.9,2.8,2.7,2.6,2.5,2.4,2.3,2.2,2.1,2,2,2,2,2.1,2.1,2.2,2.3,2.3,2.3,2.3,2.2,2.2,2.1,2.1,2.1,2.2,2.2,2.3,2.4,2.5,2.5,2.5,2.6,2.6,2.6,2.6,2.7,2.7,2.8,2.8,2.9,2.9,2.9,2.9,2.9,2.9,3,2.9,3,3,3
Nevada,6.9,6.8,6.7,6.6,6.5,6.4,6.4,6.3,6.2,6.1,6,5.9,5.9,5.8,5.7,5.6,5.6,5.5,5.4,5.3,5.3,5.2,5.1,5,5,4.9,4.9,4.9,4.9,4.8,4.8,4.7,4.7,4.6,4.5,4.4,4.3,4.3,4.2,4.3,4.3,4.3,4.3,4.3,4.3,4.2,4.1,4.1,4,4,4,4,4.1,4.1,4.1,4.2,4.4,7.2,30.5,24.7,18.9,16.7,13.9,12.7,11.1,10.2,9.6,8.9,8.5,8,7.6,7.2,6.9,6.5,6.2,5.8,5.6,5.4,5.3,5.2,5.2,5.2,5.1,5.1,5.1,5.2,5.2,5.2,5.3,5.3,5.3,5.2,5.2,5.1,5,5,5,5.1,5.1,5.2,5.2,5.3,5.3,5.3,5.3,5.3,5.4,5.5,5.6,5.6,5.7,5.7,5.8,5.8,5.8,5.8,5.8,5.7,5.6,5.5,5.4
New Hampshire,3.4,3.3,3.3,3.2,3.1,3,3,2.9,2.9,2.8,2.9,2.9,2.9,2.9,2.9,2.9,2.9,2.9,2.9,2.9,2.9,2.9,2.8,2.8,2.7,2.7,2.8,2.8,2.8,2.8,2.8,2.8,2.7,2.7,2.7,2.7,2.6,2.6,2.6,2.5,2.5,2.6,2.6,2.6,2.6,2.6,2.6,2.5,2.5,2.5,2.5,2.6,2.6,2.5,2.5,2.5,2.6,2.6,16,11.8,9.6,8.3,6.7,6.1,5.3,4.9,4.6,4.3,4.2,4,3.9,3.8,3.7,3.5,3.3,3.1,2.8,2.6,2.5,2.4,2.3,2.3,2.3,2.3,2.4,2.4,2.5,2.5,2.6,2.5,2.5,2.4,2.3,2.2,2.2,2.2,2.2,2.2,2.2,2.3,2.3,2.3,2.3,2.3,2.3,2.4,2.4,2.5,2.5,2.6,2.6,2.7,2.8,2.8,2.8,2.9,3,3.1,3.1,3.1,3.1
New Jersey,5.8,5.7,5.5,5.3,5.1,5,5,4.9,5,5,5,5,5,5,5,4.9,4.9,4.8,4.7,4.6,4.5,4.4,4.4,4.4,4.5,4.5,4.6,4.6,4.6,4.6,4.5,4.4,4.4,4.3,4.2,4.1,4.1,4,3.9,3.8,3.7,3.7,3.6,3.5,3.4,3.3,3.2,3.2,3.2,3.3,3.4,3.6,3.7,3.8,3.9,4,4.1,4.1,15,15.4,14.5,14.4,13.3,7.4,7.1,7.2,7.3,7.3,7.3,7.2,7.2,7,7.2,6.9,6.8,6.3,6,5.6,5.5,5.2,4.7,4.3,4.1,3.8,3.6,3.3,3,3.3,3.5,3.6,3.8,3.9,4,4,4.1,4.2,4.3,4.4,4.4,4.5,4.5,4.5,4.5,4.4,4.4,4.4,4.5,4.5,4.6,4.6,4.6,4.6,4.6,4.6,4.6,4.6,4.6,4.7,4.8,4.8,4.9
New Mexico,6.7,6.7,6.7,6.6,6.6,6.5,6.5,6.5,6.5,6.5,6.6,6.7,6.8,6.9,7,7,7,7,6.9,6.8,6.7,6.6,6.5,6.3,6.2,6,5.9,5.8,5.7,5.5,5.4,5.2,5.1,4.9,4.8,4.8,4.7,4.7,4.8,4.9,5,5.1,5.2,5.1,5.1,5,5,5,4.9,4.9,4.9,4.9,4.9,4.9,5,5.1,5.3,5.9,9,9.3,9,9,8.6,8.7,8.4,8.4,8.4,8.2,8.2,8,7.9,7.5,7.4,7.1,6.8,6.3,6,5.8,5.6,5.4,5,4.7,4.4,4.2,3.9,3.6,3.4,3.5,3.5,3.6,3.6,3.6,3.6,3.6,3.6,3.6,3.6,3.6,3.7,3.7,3.8,3.8,3.8,3.8,3.8,3.9,4,4.1,4.2,4.3,4.3,4.3,4.4,4.4,4.3,4.4,4.4,4.3,4.3,4.2,4.2
New York,5.3,5.1,5,4.9,4.9,4.8,4.8,4.8,4.8,4.8,4.8,4.8,4.9,4.9,5,5,5,4.9,4.8,4.7,4.6,4.6,4.6,4.6,4.6,4.7,4.7,4.7,4.7,4.6,4.6,4.5,4.4,4.3,4.2,4.1,4,3.9,3.9,3.9,4,4,4,4,3.9,3.9,3.8,3.8,3.8,3.8,3.9,3.9,3.9,4,4,4.1,4.2,4.2,15.7,16.7,13.6,12.6,10.8,10.2,9.2,8.9,8.7,8.6,8.4,8.1,7.9,7.5,7.5,7.1,6.8,6.2,5.9,5.6,5.4,5.2,4.8,4.6,4.5,4.3,4.2,4,3.8,3.9,4,4.1,4.1,4,4,4,3.9,3.9,3.9,4,4.1,4.1,4.2,4.2,4.2,4.2,4.1,4.2,4.2,4.3,4.3,4.4,4.4,4.4,4.4,4.4,4.4,4.4,4.3,4.2,4.2,4,4
North Carolina,5.8,5.7,5.7,5.6,5.5,5.4,5.4,5.3,5.2,5.2,5.1,5,5,5,5.1,5.1,5.1,5.1,5,4.9,4.8,4.7,4.6,4.5,4.5,4.5,4.5,4.5,4.4,4.4,4.3,4.2,4.2,4.1,4,3.9,3.9,3.9,3.9,4,4,4,4,4,4,3.9,3.9,3.8,3.9,3.9,3.9,3.9,3.8,3.8,3.7,3.8,3.8,4,14.2,11.6,9.8,8.7,7.4,6.8,6.1,5.9,5.8,5.7,5.6,5.5,5.3,5.2,5.1,4.9,4.7,4.5,4.3,4.1,3.8,3.7,3.6,3.5,3.6,3.6,3.7,3.7,3.8,3.8,3.8,3.7,3.6,3.5,3.5,3.4,3.4,3.4,3.4,3.5,3.5,3.5,3.6,3.6,3.6,3.5,3.5,3.5,3.6,3.6,3.6,3.6,3.7,3.7,3.7,3.7,3.7,3.7,3.7,3.7,3.7,3.7,3.7
North Dakota,2.8,2.8,2.8,2.8,2.8,2.8,2.9,3,3.1,3.1,3.1,3.1,3.1,3,3,3,2.9,2.9,2.9,2.8,2.8,2.7,2.6,2.5,2.5,2.5,2.5,2.5,2.6,2.6,2.6,2.6,2.6,2.6,2.5,2.4,2.3,2.3,2.2,2.3,2.3,2.3,2.3,2.4,2.3,2.3,2.2,2.1,2.1,2.1,2.1,2.1,2.1,2,2,2.1,2.2,2.5,8.7,7.3,6.5,6.2,5.6,5.3,4.8,4.5,4.4,4.1,3.9,3.7,3.5,3.3,3.1,2.9,2.8,2.6,2.5,2.4,2.3,2.2,2.2,2.1,2.1,2,2,2,2.1,2.1,2.1,2.1,2.1,2.1,2,2,2,1.9,1.9,2,2,2,2.1,2.2,2.2,2.2,2.2,2.3,2.3,2.4,2.5,2.5,2.5,2.5,2.5,2.5,2.5,2.6,2.6,2.6,2.6,2.5,2.5
Ohio,4.9,4.8,4.8,4.8,4.8,4.9,4.9,5,5,5,5,5,5,5,5,5.1,5.2,5.2,5.2,5.2,5.1,5.1,5,5,5,4.9,4.9,4.9,4.8,4.7,4.6,4.6,4.5,4.5,4.5,4.5,4.4,4.4,4.4,4.4,4.5,4.5,4.5,4.4,4.2,4,3.9,3.9,3.9,4,4.1,4.2,4.3,4.3,4.3,4.4,4.5,4.8,16.5,12.8,11,9.8,8.3,7.6,6.7,6.4,6.3,6.1,6.1,6,5.9,5.7,5.5,5.2,4.9,4.7,4.4,4.3,4.1,4,3.9,3.9,3.9,3.9,3.9,4,4.1,4.1,4.1,4,3.9,3.8,3.6,3.5,3.4,3.4,3.4,3.5,3.6,3.8,3.8,3.9,3.9,4,4,4.1,4.2,4.2,4.3,4.3,4.4,4.4,4.5,4.5,4.5,4.6,4.7,4.8,4.9,4.9,4.9
Oklahoma,4.4,4.4,4.3,4.3,4.3,4.4,4.4,4.5,4.5,4.6,4.6,4.7,4.8,4.8,4.8,4.7,4.7,4.6,4.5,4.4,4.3,4.2,4.1,4,4,4,4,3.9,3.9,3.8,3.8,3.7,3.6,3.5,3.4,3.3,3.2,3.1,3.1,3.1,3.1,3.2,3.2,3.2,3.2,3.1,3.1,3,3,3.1,3.1,3.2,3.2,3.1,3.1,3.1,3.2,3.2,12.5,9.8,8.2,7.4,6.3,5.9,5.5,5.3,5.2,5,4.9,4.8,4.7,4.5,4.3,4,3.7,3.4,3.1,3,2.9,2.9,2.9,2.9,2.9,3,3,3.1,3.1,3.2,3.1,3.1,3.1,3,3,3,3,3,3.1,3.2,3.3,3.4,3.4,3.5,3.5,3.4,3.4,3.3,3.3,3.3,3.3,3.3,3.3,3.3,3.3,3.3,3.3,3.3,3.3,3.3,3.2,3.1,3.1
Oregon,5.5,5.5,5.4,5.3,5.2,5.1,5,5,4.9,4.9,4.9,4.9,4.9,4.9,4.8,4.7,4.5,4.4,4.2,4.1,4,4,3.9,4,4,4.1,4.1,4.1,4.2,4.2,4.1,4.1,4.1,4,3.9,3.9,3.8,3.9,3.9,4.1,4.2,4.2,4.3,4.2,4.1,4,3.9,3.8,3.7,3.7,3.6,3.5,3.4,3.4,3.4,3.4,3.6,3.7,13.7,11.8,10.2,9.2,7.9,7.5,6.8,6.6,6.5,6.3,6.2,6.1,6,5.6,5.4,5,4.7,4.4,4.2,4,3.9,3.9,3.8,3.7,3.7,3.8,3.9,3.9,4,4.1,4.2,4.1,4,3.8,3.7,3.6,3.6,3.6,3.6,3.7,3.8,3.8,3.9,4,4,4.1,4.1,4.1,4.1,4.1,4.1,4.2,4.2,4.2,4.3,4.3,4.3,4.4,4.5,4.6,4.7,4.8,4.9
Pennsylvania,5.4,5.4,5.3,5.3,5.3,5.3,5.3,5.3,5.3,5.3,5.4,5.4,5.4,5.4,5.4,5.3,5.3,5.3,5.2,5.2,5.1,5.1,5,5,4.9,4.9,4.9,4.9,4.9,4.9,4.9,4.8,4.7,4.6,4.5,4.4,4.3,4.3,4.2,4.2,4.3,4.3,4.3,4.3,4.3,4.3,4.2,4.2,4.2,4.2,4.2,4.3,4.3,4.3,4.4,4.4,4.6,4.8,16.1,12.9,11.3,10.4,9.3,8.7,8.1,7.8,7.6,7.3,7.1,6.8,6.5,6.3,6.1,5.9,5.6,5.2,4.9,4.7,4.4,4.3,4.2,4.2,4.2,4.2,4.2,4.1,4.1,4.1,4,4,3.9,3.9,3.8,3.7,3.6,3.6,3.5,3.5,3.6,3.6,3.7,3.7,3.7,3.7,3.6,3.6,3.6,3.6,3.6,3.6,3.6,3.7,3.7,3.7,3.7,3.8,3.8,3.8,3.9,3.9,4
Rhode Island,6,5.9,5.8,5.7,5.7,5.7,5.6,5.6,5.5,5.5,5.4,5.4,5.3,5.3,5.2,5.1,5,4.9,4.7,4.6,4.5,4.5,4.4,4.4,4.4,4.4,4.5,4.5,4.5,4.5,4.5,4.5,4.4,4.3,4.1,4,4,3.9,3.9,3.9,3.9,3.9,3.8,3.8,3.7,3.6,3.5,3.5,3.5,3.5,3.5,3.5,3.4,3.4,3.4,3.5,3.6,3.7,17.9,15.4,13.4,12.2,10.4,10,7,7,7,6.6,6.4,6.3,6.3,6.1,6.2,5.9,5.6,5.1,4.7,4.2,3.8,3.5,3.3,3.2,3.1,3.2,3.2,3.3,3.4,3.3,3.2,3.1,3,2.9,2.8,2.8,2.7,2.7,2.6,2.7,2.8,3.1,3.3,3.6,3.8,3.9,4,4.1,4.2,4.3,4.4,4.4,4.5,4.5,4.5,4.5,4.5,4.6,4.7,4.8,4.9,4.9,4.8
South Carolina,6,5.8,5.7,5.6,5.5,5.4,5.4,5.3,5.3,5.2,5.1,5.1,5,4.9,4.7,4.7,4.6,4.5,4.4,4.4,4.3,4.2,4.2,4.1,4.1,4.2,4.2,4.2,4.2,4.2,4,3.9,3.7,3.5,3.3,3.2,3.2,3.3,3.3,3.3,3.3,3.2,3.2,3.2,3.2,3.1,3.1,2.9,2.7,2.6,2.5,2.4,2.4,2.5,2.6,2.8,2.9,3.1,11.7,9.3,7.8,7.1,6.2,5.8,5.3,5.1,4.9,4.6,4.4,4.3,4.2,4.1,4,3.9,3.8,3.6,3.5,3.4,3.3,3.3,3.2,3.2,3.2,3.2,3.2,3.2,3.2,3.2,3.2,3.2,3.1,3.1,3,3,2.9,2.8,2.8,2.8,2.9,3,3.1,3.2,3.3,3.4,3.5,3.7,3.9,4.2,4.4,4.5,4.6,4.5,4.5,4.4,4.4,4.3,4.2,4.1,4.2,4.1,4.1
South Dakota,3.1,3,3,2.9,2.9,2.9,2.8,2.8,2.8,2.8,2.9,2.9,3,3.1,3.1,3.1,3.2,3.2,3.1,3.1,3.1,3,3,3,3,3,3,3,3,3,3,2.9,2.9,2.9,2.8,2.8,2.7,2.7,2.7,2.7,2.7,2.7,2.7,2.8,2.8,2.8,2.8,2.8,2.8,2.8,2.7,2.7,2.7,2.6,2.6,2.5,2.5,2.4,8.8,6.6,5.3,4.7,3.9,3.6,3.3,3.1,3,2.9,2.8,2.8,2.8,2.7,2.7,2.6,2.5,2.4,2.2,2.1,2,1.9,1.9,1.8,1.8,1.9,1.9,1.9,1.9,2,1.9,1.9,1.9,1.8,1.8,1.8,1.8,1.8,1.8,1.8,1.8,1.8,1.8,1.8,1.8,1.7,1.7,1.7,1.8,1.8,1.8,1.8,1.8,1.8,1.9,1.9,1.9,1.9,1.9,1.8,1.8,1.8,1.8
Tennessee,5.6,5.5,5.4,5.3,5.1,5,4.9,4.8,4.7,4.7,4.7,4.7,4.7,4.7,4.8,4.8,4.8,4.8,4.7,4.5,4.3,4.1,3.9,3.7,3.6,3.5,3.4,3.4,3.4,3.5,3.5,3.5,3.5,3.5,3.5,3.5,3.5,3.5,3.5,3.5,3.5,3.5,3.5,3.5,3.4,3.4,3.4,3.3,3.2,3.2,3.2,3.3,3.3,3.4,3.4,3.4,3.5,3.5,15.7,12.1,10.2,9,7.6,7.1,6.3,5.9,5.6,5.4,5.2,5.1,5,4.9,4.7,4.4,4.2,3.9,3.7,3.6,3.5,3.4,3.4,3.3,3.3,3.3,3.3,3.3,3.3,3.4,3.4,3.4,3.4,3.4,3.3,3.2,3.2,3.1,3.1,3.2,3.2,3.2,3.3,3.3,3.2,3.2,3.1,3.1,3.2,3.2,3.3,3.4,3.6,3.7,3.7,3.7,3.7,3.7,3.7,3.6,3.5,3.5,3.5
Texas,4.4,4.4,4.5,4.5,4.5,4.5,4.5,4.5,4.5,4.5,4.5,4.6,4.7,4.7,4.8,4.8,4.8,4.8,4.8,4.8,4.7,4.7,4.6,4.4,4.3,4.2,4.2,4.1,4.1,4.1,4.1,4.1,4.1,4,4,4,3.9,3.9,3.8,3.8,3.8,3.8,3.8,3.7,3.7,3.6,3.5,3.4,3.4,3.5,3.5,3.5,3.5,3.5,3.5,3.5,3.6,5,12.8,11.7,10.1,9.3,8,7.7,7.1,7,6.9,6.7,6.6,6.4,6.2,6,5.9,5.6,5.3,5,4.8,4.6,4.4,4.3,4.1,3.9,3.9,3.8,3.8,3.8,3.7,3.8,3.9,4,4,4.1,4.1,4.1,4,4,4,4,4,4,4,4,3.9,3.9,3.9,4,4,4.1,4.1,4.1,4.2,4.2,4.2,4.2,4.2,4.1,4.1,4.1,4.1,4.1,4
Utah,3.5,3.5,3.5,3.5,3.5,3.5,3.5,3.5,3.5,3.5,3.4,3.4,3.3,3.3,3.3,3.2,3.2,3.2,3.2,3.2,3.2,3.2,3.2,3.2,3.2,3.2,3.1,3.1,3.1,3.1,3.1,3,3,3,2.9,2.9,2.9,2.9,2.9,2.9,2.9,2.9,2.8,2.8,2.7,2.7,2.6,2.6,2.5,2.5,2.5,2.4,2.4,2.4,2.4,2.5,2.5,2.5,10,7.7,6.4,5.7,4.8,4.5,4,3.8,3.6,3.4,3.3,3.1,3,2.9,2.8,2.7,2.6,2.5,2.4,2.3,2.2,2.2,2.2,2.3,2.3,2.3,2.3,2.4,2.4,2.5,2.5,2.5,2.5,2.5,2.5,2.5,2.5,2.6,2.6,2.7,2.7,2.8,2.8,2.9,2.9,2.9,3,3,3.1,3.2,3.3,3.3,3.3,3.3,3.3,3.3,3.3,3.2,3.2,3.1,3.1,3.2,3.2
Vermont,3.5,3.5,3.4,3.4,3.4,3.3,3.3,3.2,3.2,3.2,3.1,3.1,3.1,3.1,3.1,3.1,3.1,3.1,3.1,3.1,3.1,3.1,3,2.9,2.9,2.9,2.9,2.9,2.9,2.9,2.8,2.8,2.8,2.7,2.6,2.5,2.5,2.4,2.4,2.4,2.3,2.3,2.3,2.3,2.2,2.1,2,2,2,2,2.1,2.1,2.2,2.1,2.1,2.1,2.2,2.4,14.1,9.6,7.7,6.6,5.4,4.9,4.3,4.2,4.3,4.4,4.5,4.4,4.3,4,3.7,3.5,3.3,3.1,2.9,2.7,2.6,2.5,2.4,2.3,2.3,2.3,2.3,2.3,2.4,2.4,2.4,2.4,2.2,2.1,2,1.8,1.8,1.7,1.8,1.8,1.9,2,2,2,2,2,2,2.1,2.1,2.2,2.3,2.4,2.5,2.5,2.5,2.5,2.5,2.6,2.6,2.6,2.6,2.6,2.6
Virginia,4.4,4.3,4.2,4.2,4.1,4.1,4.1,4,4,4,4,4,4,4,4,4,4,4,4,4,3.9,3.8,3.7,3.7,3.6,3.5,3.5,3.5,3.5,3.4,3.4,3.4,3.3,3.2,3.1,2.9,2.8,2.8,2.8,2.8,2.9,3,3,3.1,3,2.9,2.8,2.7,2.5,2.5,2.5,2.6,2.7,2.7,2.7,2.8,2.9,3.2,11.9,10,8.9,8.3,7.3,6.7,5.9,5.3,5,4.8,4.7,4.5,4.4,4.2,4,3.8,3.5,3.3,3.1,2.9,2.8,2.7,2.6,2.6,2.6,2.5,2.5,2.6,2.7,2.8,2.9,2.9,2.9,2.9,2.8,2.7,2.6,2.5,2.5,2.5,2.6,2.7,2.8,2.8,2.9,2.8,2.8,2.8,2.8,2.8,2.8,2.8,2.9,2.9,2.9,2.9,2.9,3,3.1,3.2,3.3,3.4,3.5
Washington,5.4,5.4,5.4,5.4,5.4,5.4,5.4,5.4,5.4,5.3,5.3,5.3,5.3,5.2,5.2,5.1,5,4.9,4.9,4.8,4.7,4.7,4.6,4.6,4.6,4.6,4.6,4.7,4.7,4.6,4.6,4.6,4.5,4.5,4.4,4.3,4.3,4.2,4.2,4.3,4.4,4.5,4.6,4.7,4.6,4.6,4.4,4.3,4.2,4.1,4,3.9,3.9,3.8,3.7,3.6,3.8,6,17.1,13.6,11.7,10.5,9,8.2,7.3,6.9,6.7,6.4,6.2,5.9,5.7,5.5,5.3,5.1,4.9,4.7,4.4,4.2,4,4,3.9,3.9,4,4,4,4,4.1,4.2,4.2,4.2,4.2,4.1,4.1,4,4,4,4,4.1,4.2,4.3,4.5,4.5,4.6,4.6,4.6,4.6,4.6,4.6,4.5,4.5,4.5,4.4,4.4,4.4,4.4,4.3,4.4,4.4,4.4,4.5,4.5
West Virginia,6.7,6.7,6.6,6.5,6.4,6.3,6.3,6.3,6.3,6.3,6.2,6.2,6.1,6.1,6.1,6,5.9,5.8,5.6,5.4,5.2,5.1,5.1,5,5.1,5.1,5.2,5.2,5.3,5.3,5.4,5.4,5.4,5.3,5.3,5.2,5.1,5,5,5,5,5,5,5,4.9,4.9,4.8,4.8,4.8,4.8,4.9,5,5,5.1,5.1,5.2,5.3,5.3,15.8,12.5,10.6,9.5,8.2,7.6,7,6.6,6.4,6.2,6,5.9,5.8,5.6,5.4,5.1,4.8,4.5,4.3,4.1,4,3.9,3.9,3.8,3.8,3.9,3.9,3.9,4,3.9,3.9,3.8,3.6,3.6,3.5,3.5,3.6,3.7,3.8,3.9,4,4.1,4.2,4.2,4.2,4.1,4.1,4.1,4,4.1,4.1,4.1,4.1,4.1,4.1,4.1,4.1,4,3.9,3.8,3.8,3.7,3.7
Wisconsin,4.4,4.3,4.3,4.3,4.2,4.2,4.2,4.2,4.1,4.1,4,4,3.9,3.9,3.9,3.8,3.8,3.8,3.7,3.6,3.5,3.4,3.3,3.3,3.2,3.3,3.3,3.2,3.2,3.1,3,3,3,3,3,3,3,3,3,3,3,3,3,3.1,3.1,3.1,3.2,3.2,3.2,3.3,3.3,3.3,3.3,3.2,3.2,3.1,3.1,3,14.1,10.5,8.7,7.6,6.3,5.8,5.2,5,4.8,4.6,4.5,4.3,4.2,4.1,3.9,3.7,3.5,3.4,3.2,3.1,3,3,2.9,2.9,2.8,2.8,2.8,2.8,2.8,2.8,2.8,2.7,2.6,2.6,2.6,2.6,2.6,2.7,2.8,2.9,3,3,3,2.9,2.9,2.9,2.9,2.9,2.9,2.9,2.9,2.9,3,3,3.1,3.1,3.1,3.2,3.2,3.2,3.3,3.3,3.2
Wyoming,4.1,4.2,4.3,4.4,4.5,4.6,4.8,5,5.2,5.4,5.5,5.5,5.5,5.4,5.3,5.2,5.2,5.1,5,4.8,4.7,4.5,4.3,4.2,4.2,4.2,4.2,4.2,4.3,4.3,4.2,4.2,4.2,4.1,4.1,4.1,4.1,4.1,4,4,4,4,3.9,3.7,3.6,3.5,3.5,3.5,3.6,3.7,3.8,3.8,3.9,4,4.2,4.4,4.6,4.8,5.1,8.7,7.3,6.8,6.2,5.9,5.6,5.5,5.4,5.3,5.3,5.2,5.1,4.9,4.7,4.5,4.3,4.1,3.9,3.7,3.6,3.5,3.4,3.4,3.4,3.4,3.4,3.4,3.5,3.5,3.5,3.4,3.4,3.2,3.1,3,2.9,2.8,2.8,2.8,2.8,2.8,2.8,2.8,2.8,2.8,2.8,2.9,3,3.1,3.2,3.3,3.4,3.5,3.5,3.6,3.5,3.6,3.5,3.4,3.3,3.3,3.3
Puerto Rico,12.1,12.1,12.1,12,12,12,11.9,11.7,11.6,11.5,11.5,11.6,11.6,11.7,11.8,12,12.1,12,11.9,11.8,11.5,11.2,10.9,10.6,10.4,10.4,10.5,10.7,11.3,10.9,10.7,10.4,10.2,9.9,9.7,9.5,9.2,9,8.7,8.5,8.3,8.3,8.4,8.6,8.7,8.6,8.4,8.1,7.7,7.6,7.7,8,8.4,8.7,9,9.1,9.1,-,-,8.9,8.3,8.2,8.3,8.6,9,9.3,9.3,9,8.5,8.2,8.1,8.1,8.3,8.4,8.3,7.9,7.5,7,6.7,6.5,6.3,6.1,6,5.9,5.8,5.8,5.8,5.9,6,6,6,6,6,6,6.1,6.2,6.1,6,5.8,5.7,5.6,5.6,5.7,5.8,5.9,5.9,5.9,5.8,5.7,5.6,5.5,5.4,5.4,5.4,5.4,5.4,5.4,5.5,5.5,5.5,5.5